main_speaker,num_speaker,speaker_occupation
 OK Go,1,Band
 Rodrigo y Gabriela,1,Guitar duo
 Silk Road Ensemble,1,Musical explorers
Aaron Koblin,1,Data artist
Aaron O'Connell,1,Physicist
Abe Davis,1,Computer scientist
Abigail Washburn,1,Clawhammer banjo player
Adam Alter,1,Psychologist
Adam Foss,1,Juvenile justice reformer
Adam Grant,1,Organizational psychologist
Adam Grosser,1,Venture capitalist
Adam Savage,1,"Maker, critical thinker"
Adam Spencer,1,Science communicator
Adora Svitak,1,Child prodigy
Aimee Mullins,1,Athlete and actor
Aimee Mullins,1,Athlete and actor
Ajit Narayanan,1,Visual grammar engine inventor
Al Gore,1,Climate advocate
Al Gore,1,Climate advocate
Al Gore,1,Climate advocate
Al Gore,1,Climate advocate
Al Seckel,1,Master of visual illusions
Al Vernacchio,1,Sexuality educator
Alan Eustace,1,Stratospheric explorer
Alan Kay,1,Educator and computing pioneer
Alan Russell,1,Medical futurist
Alan Siegel,1,"Executive, simplicity guru"
Alastair Parvin,1,Designer
Alec Soth + Stacey Baker,2,Photo editor
Alex Kipman,1,Inventor
Alex Laskey,1,Energy software maker
Alex Tabarrok,1,Economist
Alexander Betts,1,Social scientist
Alice Goffman,1,Urban sociologist
Alice Rawsthorn,1,Design critic
Alisa Miller,1,"CEO, Public Radio International (PRI)"
Allan Adams,1,Theoretical physicist
Allan Adams,1,Theoretical physicist
Allan Savory,1,Grassland ecosystem pioneer
Allison Hunt,1,Marketing expert
Amanda Burden,1,Urban planner
Amanda Palmer,1,"Musician, blogger"
"Amanda Palmer, Jherek Bischoff, Usman Riaz",3,"Musician, blogger"
Ameera Harouda,1,Fixer
Amit Sood,1,Technologist
Amit Sood,1,Technologist
Amory Lovins,1,"Physicist, energy guru"
Amy Smith,1,"inventor, engineer"
Amy Tan,1,Novelist
Anab Jain,1,"Futurist, designer"
Anand Agarawala,1,Interaction designer; software developer
Anand Giridharadas,1,Writer
Anand Varma,1,Photographer
Anant Agarwal,1,Education innovator
Anas Aremeyaw Anas,1,Undercover journalist
Andrew Bastawrous,1,"Eye surgeon, inventor"
Andrew Bird,1,Musician
Andrew Connolly,1,Astronomer
Andrew McAfee,1,Management theorist
Andrew Pelling,1,Biohacker
Andrew Solomon,1,Writer
Andrew Stanton,1,Filmmaker
Andrew Youn,1,Anti-hunger activist
Andy Hobsbawm,1,Internet entrepreneur
Anika Paulson,1,"Student, musician"
Anil Seth,1,Cognitive neuroscientist
Anna Deavere Smith,1,"Actor, playwright, social critic"
Anne Lamott,1,"Novelist, essayist"
Anne Madden,1,"Microbiologist, inventor and strategist"
AnnMarie Thomas,1,Educator
Anthony Atala,1,Surgeon
Anthony D. Romero,1,"Attorney, public-interest activist"
Anthony Goldbloom,1,Machine learning expert
Antonio Damasio,1,Neuroscientist
Aomawa Shields,1,"Astronomer, astrobiologist, actor, writer"
Armando Azua-Bustos,1,Astrobiologist
Arthur Benjamin,1,Mathemagician
Arthur Benjamin,1,Mathemagician
Arthur Brooks,1,"Social scientist, author "
Arthur Ganson,1,Sculptor
Ashton Applewhite,1,"Author, activist"
Astro Teller,1,"Entrepreneur, inventor, author"
Atul Gawande,1,"Surgeon, journalist"
Avi Reichental,1,3D printer
Ayah Bdeir,1,Engineer and artist
Aziz Abu Sarah,1,Entrepreneur + educator
Aziza Chaouni,1,Architect + ecotourism specialist
Barry Schwartz,1,Psychologist
Barry Schwartz,1,Psychologist
Beardyman,1,Beatboxer and inventor
Ben Katchor,1,Cartoonist
Ben Saunders,1,Arctic explorer
Ben Saunders,1,Arctic explorer
Benedetta Berti,1,International policy analyst
Benjamin Zander,1,Conductor
Benoit Mandelbrot,1,Mathematician
Bernie Dunlap,1,College president
Bill and Melinda Gates,2,Philanthropist
Bill Clinton,1,Activist
Bill Ford,1,"Executive chair, Ford Motor Co."
Bill Gates,1,Philanthropist
Bill Gates,1,Philanthropist
Bill Gates,1,Philanthropist
Bill Gates,1,Philanthropist
Bill Gross,1,Idea guy
Bill Gross,1,Idea guy
Bill Joy,1,Technologist and futurist
Bill Stone,1,"Explorer, inventor and outer space dreamer"
Bill Strickland,1,Social innovator
Bill T. Jones,3,"Director/choreographer, dancer"
Billy Collins,1,Poet
Billy Graham,1,Preacher
BJ Miller,1,Palliative care physician
Bjorn Lomborg,1,Global prioritizer
BLACK,1,Yo-yo champion
Bonnie Bassler,1,Molecular biologist
Bono,1,"Musician, activist"
Bono,1,"Musician, activist"
Bran Ferren,1,Technology designer
Brenda Laurel,1,Designer and theorist
Bren√© Brown,1,Vulnerability researcher
Brian Cox,1,Physicist 
Brian Cox,1,Physicist 
Brian Greene,1,Physicist
Brian Greene,1,Physicist
Brian Little,1,Personality researcher
Bruce Aylward,1,Epidemiologist
Bruce Bueno de Mesquita,1,Political scientist
Bruno Bowden + Rufus Cappadocia,2,Engineer and origamist
Bryan Stevenson,1,Public-interest lawyer
Burt Rutan,1,Aircraft engineer
B√©atrice Coron,1,Papercutter artist
C.K. Williams,1,Poet
Cameron Sinclair,1,"Co-founder, Architecture for Humanity"
Camille Seaman,1,Photographer
Camille Seaman,1,Photographer
Carl Schoonover,1,Neuroscience PhD student + writer
Carlo Ratti,1,Architect and engineer
Carmen Agra Deedy,1,Storyteller
Caroline Lavelle,1,Cellist; singer-songwriter
Carolyn Porco,1,Planetary scientist
Carolyn Porco,1,Planetary scientist
Carrie Nugent,1,Asteroid hunter
Carter Emmart,1,"Scientist, Artist "
Casey Gerald,1,American
Catherine Mohr,1,Roboticist
Catherine Mohr,1,Roboticist
Cathy O'Neil,1,"Mathematician, data scientist"
Cesar Kuriyama,1,Video maker
Charles Fleischer,1,"Comedian, voice artist"
Charles Moore,1,Oceanographer
Charmian Gooch,1,Anti-corruption activist
Cheryl Hayashi,1,Spider silk scientist
Chip Conley,1,"CEO, author"
Chip Kidd,1,Graphic designer
Chris Abani,1,"Novelist, poet"
Chris Anderson,1,Drone maker
Chris Anderson,1,TED Curator
Chris Bangle,1,Car designer
Chris Burkard,1,Surf photographer
Chris Hadfield,1,Astronaut
Chris Jordan,1,Artist
Chris Kluwe,1,Punter and author
Chris Milk,1,Immersive storyteller
Chris Milk,1,Immersive storyteller
Chris Urmson,1,Roboticist
Christiana Figueres,1,Climate advocate
Christina Warinner,1,Archaeological geneticist
"Christopher ""moot"" Poole""",1,"Founder, 4chan"
Christopher C. Deam,1,Designer
Christopher deCharms,1,Brain researcher
Christopher Ryan,1,Psychologist
Christopher Soghoian,1,Privacy researcher and activist
Clifford Stoll,1,"Astronomer, educator, skeptic"
Clint Smith,1,"Poet, educator"
Cosmin Mihaiu,1,Physical therapy entrepreneur
Courtney E. Martin,1,Journalist
Craig Venter,1,"Biologist, genetics pioneer"
C√©dric Villani,1,Mathematician
Daan Roosegaarde,1,Artist
Dalia Mogahed,1,Muslim studies scholar
Dame Ellen MacArthur,1,Circular economy advocate
Damian Palin,1,Biological miner
Damon Davis,1,Artist and filmmaker
Damon Horowitz,1,"Philosopher, entrepreneur"
Dan Ariely,1,Behavioral economist
Dan Ariely,1,Behavioral economist
Dan Ariely,1,Behavioral economist
Dan Barber,1,Chef
Dan Dennett,1,"Philosopher, cognitive scientist"
Dan Dennett,1,"Philosopher, cognitive scientist"
Dan Dennett,1,"Philosopher, cognitive scientist"
Dan Dennett,1,"Philosopher, cognitive scientist"
Dan Gilbert,1,Psychologist; happiness expert
Dan Gilbert,1,Psychologist; happiness expert
Dan Gross,1,Gun-control activist
Dan Pallotta,1,"Author, speaker, reformer"
Dan Pallotta,1,"Author, speaker, reformer"
Daniel Goleman,1,Psychologist
Daniel Kahneman,1,Behavioral economics founder
Daniel Kish,1,Perceptual navigation specialist
Daniel Kraft,1,Physician scientist
Daniel Libeskind,1,Architect
Daniel Reisel,1,Neuroscientist
Daniel Tammet,1,"Linguist, educator"
Danny Hillis,1,Computer theorist
Danny Hillis,1,Computer theorist
Dave Eggers,1,"Author, publisher, education activist"
Dave Isay,1,Story collector
David Bolinsky,1,Medical animator
David Brooks,1,Op-ed columnist 
David Brooks,1,Op-ed columnist 
David Byrne,1,"Musician, artist, writer"
"David Byrne, Ethel + Thomas Dolby",3,Electronic music pioneer
David Cameron,1,Politician
David Carson,1,Type designer
David Chalmers,1,Philosopher
David Christian,1,Historian
David Eagleman,1,Neuroscientist
David Epstein,1,Sports science reporter
David Gallo,1,Oceanographer
David Gallo,1,Oceanographer
David Griffin,1,"Director of photography, National Geographic"
David Hanson,1,Robotics designer
David Hoffman,1,Filmmaker
David Hoffman,1,Filmmaker
David Holt,1,Folk musician
David Kelley,1,"Designer, educator"
David Kelley,1,"Designer, educator"
David Kwong,1,Cruciverbalist
David Lang,1,Maker
David Macaulay,1,Illustrator
David Merrill,1,MIT grad student
David Miliband,1,Refugee advocate
David Perry,1,Game designer
David Pogue,1,Technology columnist
David Pogue,1,Technology columnist
David Pogue,1,Technology columnist
David Rockwell,1,"Architect, experience designer"
David Rothkopf,1,Foreign policy strategist
David S. Rose,1,Angel Investor
David Sengeh,1,Biomechatronics engineer
David Whyte,1,"Poet, author"
Dawn Landes,1,Singer-songwriter
Dean Kamen,1,Inventor
Dean Kamen,1,Inventor
Dean Ornish,1,"Physician, author"
Dean Ornish,1,"Physician, author"
Dean Ornish,1,"Physician, author"
Deb Roy,1,Cognitive scientist
Deborah Gordon,1,Ecologist
Deborah Gordon,1,Ecologist
Deborah Scranton,1,Filmmaker
Del Harvey,1,Security maven
Denis Dutton,1,Philosopher
Denise Herzing,1,Dolphin researcher
Dennis Hong,1,Roboticist 
Derek Sivers,1,Entrepreneur
"Diana Reiss, Peter Gabriel, Neil Gershenfeld and Vint Cerf",4,Cognitive psychologist
Diane Benscoter,1,Deprogrammer
Don Levy,1,Film executive
Don Norman,1,Cognitive scientist and design critic
Donald Hoffman,1,Cognitive scientist
Donald Sadoway,1,Materials engineer
Dong Woo Jang,1,Bow designer
Doris Kearns Goodwin,1,Historian
Drew Curtis,1,Web entrepreneur
Duarte Geraldino,1,Journalist
E.O. Wilson,1,Biologist
Eames Demetrios,1,Artist
Ed Boyden,1,Neuroengineer
Ed Ulbrich,1,Visual storyteller
Ed Yong,1,Science writer
Eddi Reader,2,Singer/songwriter
Eddi Reader,2,Singer/songwriter
Edith Widder,1,Marine biologist
Edith Widder,1,Marine biologist
Eduardo Paes,1,Mayor of Rio de Janeiro
Edward Burtynsky,1,Photographer
Edward Snowden,1,Whistleblower
Edward Tenner,1,Historian of technology and culture
Einstein the Parrot,1,African grey parrot
eL Seed,1,Artist
Eleanor Longden,1,Research psychologist
Eli Pariser,1,Organizer and author
Elizabeth Gilbert,1,Writer
Elizabeth Gilbert,1,Writer
Elizabeth Pisani,1,Author
Elliot Krane,1,Pediatric anesthesiologist
Elon Musk,1,Serial entrepreneur
Elon Musk,1,Serial entrepreneur
Elora Hardy,1,Sustainable designer
Eman Mohammed,1,Photojournalist
Emily Esfahani Smith,1,Author
Emily Levine,1,Philosopher-comic
Emily Oster,1,Assumption-busting economist
Eric Berlow and Sean Gourley,2,Ecologist
Eric Lewis,1,Pianist
Eric Lewis,1,Pianist
Eric Whitacre,1,"Composer, conductor"
Eric Whitacre,1,"Composer, conductor"
Erik Brynjolfsson,1,Innovation researcher
Erik Hersman,1,Technologist
Erin McKean,1,Dictionary editor
Esther Duflo,1,Development economist
Esther Perel,1,Relationship therapist
Ethel,1,String quartet
Eva Vertes,1,Neuroscience and cancer researcher
Eva Zeisel,1,Designer
Evan Williams,1,Twitter co-founder
Eve Ensler,1,"Playwright, activist"
Evelyn Glennie,1,Musician
Eythor Bender,1,Berkeley Bionics' CEO
Fei-Fei Li,1,Computer scientist
Felix Dennis,1,"Publisher, philanthropist, poet"
Fiorenzo Omenetto,1,Biomedical engineer
Frank Gehry,1,Architect
Frank Gehry,1,Architect
Frank Warren,1,Secret keeper
Frans Lanting,1,Nature photographer
Frans Lanting,1,Nature photographer
Franz Freudenthal,1,Pediatric cardiologist
Fred Jansen,1,Space explorer
Frederick Balagadde,1,Inventor
Freeman Dyson,1,Physicist
Freeman Hrabowski,1,Educator
Gabby Giffords and Mark Kelly,1,Former U.S. Representative and NASA astronaut; survivors
Gabriel Barcia-Colombo,1,Video sculptor
Garrett Lisi,1,Physicist
Garry Kasparov,1,"Grandmaster, analyst"
Gary Flake,1,Technologist
Gary Haugen,1,Human rights attorney
Gary Kovacs,1,
Gary Lauder's new traffic sign,1,Venture capitalist
Gavin Schmidt,1,Climate scientist
Geena Rocero,1,Model and activist
George Dyson,1,Historian of science
George Dyson,1,Historian of science
George Whitesides,1,Chemist
Gever Tulley,1,Tinkerer
Gever Tulley,1,Tinkerer
Golan Levin,1,Experimental audio-visual artist
Golan Levin,1,Experimental audio-visual artist
Grace Kim,1,Architect
Graham Hawkes,1,Inventor
Graham Hill,1,Journalist
Graham Hill,1,Journalist
Greg Gage,1,Neuroscientist
Greg Lynn,1,Designer
Gregory Petsko,1,Bioengineer
Gregory Stock,1,"Author, thinker"
Gustavo Dudamel and the Teresa Carre√±o Youth Orchestra,1,Ensemble
Haley Van Dyck,1,Disrupter
Handspring Puppet Co.,1,Puppeteers
Hans Rosling,1,Global health expert; data visionary
Hans Rosling,1,Global health expert; data visionary
Hans Rosling,1,Global health expert; data visionary
Harvey Fineberg,1,Health policy expert
Helen Fisher,1,"Anthropologist, expert on love"
Helen Fisher,1,"Anthropologist, expert on love"
Herbie Hancock,1,Jazz legend
Hillel Cooperman,1,"Entrepreneur, Lego enthusiast"
His Holiness Pope Francis,1,Bishop of Rome
Hod Lipson,1,Roboticist
Homaro Cantu + Ben Roche,2,Chef
Howard Rheingold,1,Digital community builder
Hugh Evans,1,Humanitarian
Hugh Herr,1,Bionics designer
Hyeonseo Lee,1,Activist
Improv Everywhere,1,Social energy entrepreneur
Ingrid Betancourt,1,"Writer, peace advocate"
Irwin Redlener,1,"Physician, disaster-preparedness activist"
Isaac Mizrahi,1,Fashion designer
Isabel Allende,1,Novelist
Isabel Allende,1,Novelist
Isabel Behncke,1,Primatologist
J.J. Abrams,1,Filmmaker
Jacek Utko,1,Newspaper designer
Jack Andraka,1,Cancer detector inventor
Jack Choi,1,Technologist
Jack Conte,1,"Musician, entrepreneur"
Jack Horner,1,Dinosaur digger
Jacqueline Novogratz,1,Investor and advocate for moral leadership
Jaime Lerner,1,City evangelist
Jakob Trollback,1,Designer
Jamais Cascio,1,World-builder
James Burchfield,1,Human beatbox
James Cameron,1,Director
James Flynn,1,Moral philosopher
James Hansen,1,Climatologist
James Howard Kunstler,1,Social critic
James Lyne,1,Cybersecurity specialist
James Nachtwey,1,Photojournalist
James Randi,1,Skeptic and conjuror
James Surowiecki,1,Finance journalist
James Watson,1,"Biologist, Nobel laureate"
Jamie Oliver,1,"Chef, activist"
Jan Chipchase,1,User anthropologist
Jane Goodall,1,Primatologist; environmentalist
Jane McGonigal,1,Game Designer
Janet Echelman,1,Artist
Janet Iwasa,1,Molecular animator
Janine Benyus,1,"Science writer, innovation consultant, conservationist"
Janna Levin,1,Physicist
Jared Diamond,1,Civilization scholar
Jared Diamond,1,Civilization scholar
Jared Ficklin,1,Visualizer
Jason Pontin,1,Editor
Jay Walker,1,Entrepreneur
Jay Walker,1,Entrepreneur
Jean-Baptiste Michel,1,Data researcher
Jedidah Isler,1,Astrophysicist
Jeff Bezos,1,Online commerce pioneer
Jeff Han,1,Human-computer interface designer
Jeff Hawkins,1,"Computer designer, brain researcher"
Jeff Skoll,1,Producer
Jeffrey Brown,1,Pastor
Jehane Noujaim,1,Filmmaker
Jennifer Granholm,1,Former governor of Michigan
Jennifer Kahn,1,Science journalist
Jennifer Lin,1,"Pianist, composer"
Jennifer Pahlka,1,Code activist
Jennifer Senior,1,Writer
Jeremy Kasdin,1,Planet finder
Jessica Green,1,Engineer and biodiversity scientist
Jessica Ladd,1,"Founder and CEO, Callisto"
Ji-Hae Park,1,Violinist
Jill Bolte Taylor,1,Neuroanatomist
Jill Sobule,1,Singer/songwriter
Jill Sobule + Julia Sweeney,2,Singer/songwriter
Jill Tarter,1,Astronomer
Jim Fallon,1,Neurobiologist
Jim Holt,1,Writer and philosopher
Jim Simons,1,"Philanthropist, mathematician"
Jim Yong Kim,1,"President, World Bank Group"
Jimmy Lin,1,Geneticist
Jinha Lee,1,"Interface designer, engineer"
Jinsop Lee,1,Multi-sense designer
Joachim de Posada,1,Speaker and author
JoAnn Kuchera-Morin,1,Composer
Joe DeRisi,1,Biochemist
Joe Gebbia,1,"Designer, co-founder of Airbnb"
Joey Alexander,1,Jazz pianist
John Doerr,1,Venture capitalist
John Francis,1,Planet walker
John Hockenberry,1,Journalist
John Hodgman,1,Expert
John Hodgman,1,Expert
John Hunter,1,Educator
John Kasaona,1,Conservationist
John La Grou,1,Inventor
John Legend,1,"Singer, musician, composer"
John Maeda,1,Artist
John McWhorter,1,Linguist
John McWhorter,1,Linguist
John Underkoffler,1,Interface designer
John Wooden,1,Coach
Johnny Lee,1,Human-computer interaction researcher
Joi Ito,1,Relentless mind
Jok Church,1,Cartoonist
Jon Boogz and Lil Buck,5,Movement artist
Jon Mooallem,1,Writer
Jon Ronson,1,Writer and filmmaker
Jonathan Drori,1,Educator
Jonathan Drori,1,Educator
Jonathan Drori,1,Educator
Jonathan Haidt,1,Social psychologist
Jonathan Haidt,1,Social psychologist
Jonathan Harris,1,"Artist, storyteller, Internet anthropologist"
Jonathan Harris,1,"Artist, storyteller, Internet anthropologist"
Jonathan Klein,1,Executive
Jorge Drexler,1,"Musician, poet"
Jorge Ramos,1,"Journalist, news anchor"
Joseph DeSimone,1,"Chemist, inventor"
Joseph Pine,1,Writer
Joseph Ravenell,1,Physician and men®πs health advocate
Joseph Redmon,1,Computer scientist
Joshua Foer,1,Writer
Joshua Klein,1,Hacker
Joshua Prager,1,Journalist
Joshua Prince-Ramus,1,Architect
Jos√© Antonio Abreu,1,Maestro
JR,1,Street artist
JR,1,Street artist
Juan Enriquez,1,Futurist
Juan Enriquez,1,Futurist
Juan Enriquez,1,Futurist
Judy MacDonald Johnston,1,Entrepreneur
Julia Sweeney,1,"Actor, comedian, playwright"
Julia Sweeney,1,"Actor, comedian, playwright"
Juliana Machado Ferreira,1,Biologist
Julie Burstein,1,Writer and radio producer
Julie Taymor,1,"Director, designer"
Jun Wang,1,Genomics researcher
Kailash Satyarthi,1,Children®πs rights activist
Kaki King,1,Guitarist
Kamal Meattle,1,Business owner and activist
Kang Lee,1,Developmental researcher
Karen Armstrong,1,Religious scholar
Karen Bass,1,Natural history filmmaker 
Karim Abouelnaga,1,Education entrepreneur
Karoliina Korppoo,1,Game designer
Kary Mullis,1,Biochemist
Kary Mullis,1,Biochemist
Kate Hartman,1,Artist and technologist
Kate Marvel,1,Climate scientist
Kate Stone,1,Shepherd of electrons
Katherine Fulton,1,New philanthropist
Kathryn Schulz,1,Wrongologist
Kees Moeliker,1,Ornithologist
Keith Barry,1,Magician
Keith Bellows,1,Traveler
Keller Rinaudo,1,Robotics entrepreneur
Ken Robinson,1,Author/educator
Ken Robinson,1,Author/educator
Kenichi Ebina,1,Dancer
Kenneth Lacovara,1,Paleontologist
Keolu Fox,1,"Geneticist, indigenous rights activist"
Keren Elazari,1,Cybersecurity expert
Kevin Bales,1,Anti-slavery activist
Kevin Briggs,1,Golden Gate guardian
Kevin Kelly,1,Digital visionary
Kevin Rudd,1,International relations expert 
Kevin Stone,1,"Surgeon, inventor"
Kevin Surace,1,"Engineer, executive"
Kio Stark,1,Stranger enthusiast
Kirk Citron,1,Media expert 
Kitra Cahana,1,Vagabond photojournalist + conceptual artist
Kristen Ashburn,1,Photographer
Kristen Marhaver,1,Coral reef biologist
Lakshmi Pratury,1,Connector
Laolu Senbanjo,1,"Artist, musician, lawyer, activist"
Larry Brilliant,1,"Epidemiologist, philanthropist"
Larry Burns,1,Automotive researcher
Larry Page,1,CEO of Google
Latif Nasser,1,Radio researcher
LaToya Ruby Frazier,1,Photographer
Laura Galante,1,Cyberspace analyst
Laura Indolfi,1,Biomedical entrepreneur
Laura Schulz,1,Cognitive scientist
Laura Trice,1,"Counselor, coach and baker"
Laurie Garrett,1,Science journalist
Lawrence Lessig,1,Legal activist
Lawrence Lessig,1,Legal activist
Lawrence Lessig,1,Legal activist
Lee Smolin,1,Physicist
Lennart Green,1,Close-up card magician
Leyla Acaroglu,1,Sustainability strategist
Leymah Gbowee,1,"Peace activist, Nobelist"
Lidia Yuknavitch,1,Author
Linus Torvalds,1,Software engineer
Lisa Bu,1,Passionate reader
Lisa Genova,1,"Neuroscientist, novelist"
Liu Bolin,1,Artist
Liz Coleman,1,College president
Liz Diller,1,Designer
Louie Schwartzberg,1,Filmmaker
Louie Schwartzberg,1,Filmmaker
Louise Fresco,1,Food and agriculture expert
Louise Leakey,1,Paleoanthropologist
Luca Turin,1,Nose
Lucianne Walkowicz,1,Stellar astronomer
Lucy McRae,1,Body architect 
Luma Mufleh,1,Refugee activist
Mae Jemison,1,"Astronaut, engineer, entrepreneur, physician and educator"
Maira Kalman,1,"Illustrator, author"
Majora Carter,1,Activist for environmental justice
Malcolm Gladwell,1,Writer
Manoush Zomorodi,1,Tech podcaster
Manu Prakash,1,"Physicist, inventor"
Manuel Lima,1,Data visualization researcher
Marc Kushner,1,Architect
Marc Raibert,1,Roboticist
Marcin Jakubowski,1,Farmer and technologist
Marco Tempest,1,Techno-illusionist
Marco Tempest,1,Techno-illusionist
Marco Tempest,1,Techno-illusionist
Margaret Gould Stewart,1,User experience master
Margaret Gould Stewart,1,User experience master
Margaret Wertheim,1,Figurer
Marian Bantjes,1,"Designer, illustrator, typographer"
Mariano Sigman,1,Neuroscientist
Marina Abramovi,1,Performance artist
Mark Bezos,1,"Activist, volunteer firefighter"
Mark Ronson,1,Music producer and DJ
Mark Roth,1,"Biochemist, cell biologist"
Mark Shaw,1,Macroencapsulator
Martin Rees,1,Astrophysicist
Martin Seligman,1,Psychologist
Martin Villeneuve,1,"Graphic artist, director"
Martine Rothblatt,1,Transhumanist
Marvin Minsky,1,AI pioneer
Mary Lou Jepsen,1,Screen engineer
Mary Norris,1,Copy editor
Mary Roach,1,Writer
Maryn McKenna,1,Public health journalist
Matt Cutts,1,Technologist
Matt Kenyon,1,New media artist
Matthew Carter,1,Type designer
Matthew Childs,1,"Marketer, rock climber"
Matthieu Ricard,1,"Monk, author, photographer"
Maya Beiser,1,Cellist
Meg Jay,1,Clinical psychologist
Mehdi Ordikhani-Seyedlar,1,Neuroscientist
Mellody Hobson,1,Investment expert
Mena Trott,1,"Blogger; cofounder, Six Apart"
Meron Gribetz,1,"Founder and CEO, Meta"
Michael Green,1,Architect
Michael Merzenich,1,Neuroscientist
Michael Moschen,1,Juggler
Michael Murphy,1,Designer
Michael Patrick Lynch,1,Philosopher
Michael Pollan,1,Environmental writer
Michael Sandel,1,Political philosopher
Michael Shermer,1,Skeptic
Michael Shermer,1,Skeptic
Michael Specter,1,Writer
Michael Tilson Thomas,1,"Musician, Conductor"
Michel Laberge,1,Plasma physicist
Mihaly Csikszentmihalyi,1,Positive psychologist
Mike Matas,1,Software engineer
Milton Glaser,1,Graphic designer
Miranda Wang and Jeanny Yao,1,Science fair winners
Mitchell Joachim,1,"Architect, designer"
Monica Byrne,1,Author and playwright
Monica Lewinsky,1,Social activist
Morgan Spurlock,1,Filmmaker
Moshe Safdie,1,Architect
Moshe Safdie,1,Architect
Murray Gell-Mann,1,Physicist
Murray Gell-Mann,1,Physicist
Nalini Nadkarni,1,Tree researcher
Nalini Nadkarni,1,Tree researcher
Nancy Etcoff,1,Evolutionary psychologist
Nancy Kanwisher,1,Brain researcher
Nancy Lublin,1,Activist
Nandan Nilekani,1,Technologist and visionary
Natalie MacMaster,1,Fiddler
Natalie MacMaster,2,Fiddler
Natalie Merchant,1,Singer/songwriter
Natasha Tsakos,1,Artist
Nate Silver,1,Statistician
Nathalie Cabrol,1,Planetary explorer
Nathan Myhrvold,1,Polymath
Nathan Myhrvold,1,Polymath
Nathan Myhrvold,1,Polymath
Nathan Wolfe,1,Virus hunter
Nathan Wolfe,1,Virus hunter
Nathaniel Kahn,1,Filmmaker
Naturally 7,1,A capella ensemble
Negin Farsad,1,"Comedian, filmmaker"
Neil Gershenfeld,1,"Physicist, personal fab pioneer"
Neil Turok,1,"Physicist, education activist"
Nellie McKay,1,Singer/songwriter
Nellie McKay,1,Singer/songwriter
Nellie McKay,1,Singer/songwriter
Neri Oxman,1,"Architect, designer"
Ngozi Okonjo-Iweala,1,Economist
Nicholas Christakis,1,"Physician, social scientist"
Nicholas Negroponte,1,Tech visionary
Nicholas Negroponte,1,Tech visionary
Nicholas Negroponte,1,Tech visionary
Nick Bostrom,1,Philosopher
Nick Sears,1,Inventor
Niels Diffrient,1,Designer
Nilofer Merchant,1,"Corporate director, author"
Nina Jablonski,1,Anthropologist
Nina Tandon,1,Tissue engineering researcher
Noah Feldman,1,Constitutional law scholar
Noah Feldman,1,Constitutional law scholar
Noriko Arai,1,AI expert
Norman Lear,2,"Producer, activist"
Noy Thrupkaew,1,Global journalist
Olafur Eliasson,1,Sculptor of light and space
Oliver Sacks,1,Neurological anthropologist
Omar Ahmad,1,"Technologist, city councilman"
P.W. Singer,1,Military analyst
Pamela Ronald,1,Plant geneticist
Pamelia Kurstin,1,Theremin player
Paola Antonelli,1,Design curator
Parag Khanna,1,Global strategist
Patience Mthunzi,1,Laser scientist
Patricia Burchat,1,Particle physicist
Pattie Maes + Pranav Mistry,2,Researcher
Paul Collier,1,Economist
Paul Ewald,1,Evolutionary biologist
Paul Gilding,1,Writer
Paul MacCready,1,Engineer
Paul MacCready,1,Engineer
Paul Moller,1,Inventor
Paul Nicklen,1,Polar photographer
Paul Romer,1,"Chief Economist and Senior Vice President, World Bank"
Paul Rothemund,1,DNA origamist
Paul Rothemund,1,DNA origamist
Paul Sereno,1,Paleontologist
Paul Stamets,1,Mycologist
Paul Tudor Jones II,1,Investor
Penelope Boston,1,Cave scientist
Pete Alcorn,1,Media exec
Peter Calthorpe,1,Urban designer
Peter Diamandis,1,Space activist
Peter Diamandis,1,Space activist
Peter Gabriel,1,"Musician, activist"
Peter Norvig,1,Computer scientist
Peter Singer,1,"Philosopher, ethicist"
Peter Ward,1,Paleontologist
Phil Borges,1,Photographer
Phil Hansen,1,Multimedia artist
Philip K. Howard,1,Legal activist
Philip Zimbardo,1,Psychologist
Philip Zimbardo,1,Psychologist
Philip Zimbardo,1,Psychologist
Philippe Petit,1,High-wire artist
Philippe Starck,1,Designer
Pierre Thiam,1,Chef
Pilobolus,1,Dance company
Prosanta Chakrabarty,1,Ichthyologist
Quixotic Fusion,1,Performance ensemble
R. Luke DuBois,1,"Artist, composer, engineer"
Rabbi Lord Jonathan Sacks,1,Religious leader
Rachelle Garniez,2,Musician
Radhika Nagpal,1, Robotics engineer
Raffaello D'Andrea,1,Autonomous systems pioneer
Raghava KK,1,Artist
Raj Panjabi,1,Physician
Rajesh Rao,1,Computational neuroscientist
Rajiv Maheswaran,1,Researcher
Ralph Langner,1,Security consultant
Randall Munroe,1,Cartoonist
Raspyni Brothers,1,Jugglers
Raul Midon,1,Guitarist
Raul Midon,1,Guitarist
Ray Anderson,1,Sustainable-business pioneer
Ray Dalio,1,Hedge fund chair
Ray Kurzweil,1,"Inventor, futurist"
Ray Kurzweil,1,"Inventor, futurist"
Ray Kurzweil,1,"Inventor, futurist"
Ray Zahab,1,Endurance runner
Reed Kroloff,1,Architecture critic
Reggie Watts,1,"Vocalist, beatboxer, comedian"
Regina Dugan,1,Former director of DARPA
Renny Gleeson,1,Skeptimist
Renny Gleeson,1,Skeptimist
Reshma Saujani,1,Education activist
Reuben Margolin,1,Kinetic sculptor
Rhiannon Giddens,1,Musician
Ric Elias,1,Entrepreneur
Riccardo Sabatini,1,"Scientist, entrepreneur"
Richard Baraniuk,1,Education visionary
Richard Branson,1,Entrepreneur
Richard Browning,1,"Founder, Gravity"
Richard Dawkins,1,Evolutionary biologist
Richard Ledgett,1,"Deputy director, NSA"
Richard Preston,1,Writer
Richard Pyle,1,Ichthyologist
Richard Sears,1,Geophysicist
Richard St. John,1,"Marketer, success analyst"
Richard St. John,1,"Marketer, success analyst"
Richard Turere,1,Inventor
Rick Warren,1,"Pastor, author"
Rives,1,"Performance poet, multimedia artist"
Rives,1,"Performance poet, multimedia artist"
Rives,1,"Performance poet, multimedia artist"
Rob Forbes,1,Designer
Rob Knight,1,Microbial ecologist
Rob Reid,1,"Author, entrepreneur"
Robert Ballard,1,Oceanographer
Robert Fischell,1,Biomedical inventor
Robert Full,1,Biologist
Robert Full,1,Biologist
Robert Full,1,Biologist
Robert Full,1,Biologist
Robert Gordon,1,Economist
Robert Gupta,1,Violinist
Robert Gupta + Joshua Roman,2,Violinist
Robert Hammond,1,Friend of the High Line
Robert Lang,1,Origamist
Robert Sapolsky,1,"Neuroscientist, primatologist, writer"
Robert Wright,1,"Journalist, philosopher"
Robin Chase,1,Transport networker
Robin Hanson,1,"Futurist, social scientist"
Rodney Brooks,1,Roboticist
Rodney Brooks,1,Roboticist
Roger Ebert,1,Film critic and blogger
Roman Mars,1,Digital storyteller
Ron Finley,1,Gardener
Ron Gutman,1,Entrepreneur
Rose George,1,Curious journalist
Ross Lovegrove,1,Industrial designer
Roy Gould + Curtis Wong,2,Researcher
Rutger Bregman,1,Historian
S Percussion,1,Percussion ensemble
Safwat Saleem,1,"Artist, graphic designer, filmmaker"
Saki Mafundikwa,1,Graphic designer
Sal Khan,1,Educator and social entrepreneur
Sam Harris,1,"Neuroscientist, philosopher"
Sanford Biggers,1,Conceptual artist
Sanjay Dastoor,1,Roboticist
Sara Lewis,1,Firefly specialist
Sara Seager,1,Exoplanet expert
Sarah Jones,1,Polymorphic playwright
Sarah Jones,1,Polymorphic playwright
Sarah Jones,1,Polymorphic playwright
Sarah Kay,1,Poet
Sarah Lewis,1,Writer
Sarah Parcak,1,Satellite archaeologist + TED Prize winner
Sarah Parcak,1,Satellite archaeologist + TED Prize winner
Saul Griffith,1,Inventor
Saul Griffith,1,Inventor
Scott McCloud,1,Cartoonist
Sean Gourley,1,Physicist and military theorist
Sebastian Thrun,1,Engineer
Sebastian Wernicke,1,Data scientist
Serena Williams and Gayle King,2,Athlete
Sergey Brin,1,"Computer scientist, entrepreneur and philanthropist"
Sergey Brin + Larry Page,2,"Computer scientist, entrepreneur and philanthropist"
Seth Berkley,1,Vaccine visionary
Seth Berkley,1,Vaccine visionary
Seth Godin,1,Marketer and author
Seth Godin,1,Marketer and author
Shah Rukh Khan,1,"Actor, producer, activist"
Shai Agassi,1,Green auto pioneer
Shai Reshef,1,Education entrepreneur
Shaka Senghor,1,Author
Shane Koyczan,1,Poet
ShaoLan,1,"Technologist, entrepreneur"
ShaoLan,1,"Technologist, entrepreneur"
Sharmeen Obaid-Chinoy,1,Filmmaker
Shea Hembrey,1,Artist and curator
Sheila Patek,1,"Biologist, biomechanics researcher"
Sherry Turkle,1,Cultural analyst
Sherwin Nuland,1,Doctor
Sherwin Nuland,1,Doctor
Shih Chieh Huang,1,Artist
Shivani Siroya,1,Mobile finance entrepreneur
Shonda Rhimes,1,Writer and producer
Shubhendu Sharma,1,Eco-entrepreneur
Siddhartha Mukherjee,1,Cancer physician and writer
Siegfried Woldhek,1,Illustrator
Silk Road Ensemble + Rhiannon Giddens,2,Musical explorers
Simon Sinek,1,Leadership expert
Sirena Huang,1,Violinist
Siyanda Mohutsiwa,1,Writer
Skylar Tibbits,1,Inventor
Skylar Tibbits,1,Inventor
Sleepy Man Banjo Boys,1,Bluegrass musicians
Sophal Ear,1,Development economist
Sophie Scott,1,"Neuroscientist, stand-up comic"
Stacey Kramer,1,Brand strategist
Stanley McChrystal,1,Military leader
Stanley McChrystal,1,Military leader
Stefan Sagmeister,1,Graphic designer
Stefan Sagmeister,1,Graphic designer
Stephen Friend,1,Open-science advocate
Stephen Hawking,1,Theoretical physicist
Stephen Lawler,1,General manager of Microsoft's Virtual Earth
Stephen Petranek,1,Technology forecaster 
Stephen Petranek,1,Technology forecaster 
Stephen Wilkes,1,Narrative photographer
Stephen Wolfram,1,"Scientist, inventor"
Steve Jurvetson,1,Venture capitalist
Steve Silberman,1,Writer and editor
Steven Addis,1,Brand strategist
Steven Johnson,1,Writer
Steven Levitt,1,Economist
Steven Pinker,1,Psychologist
Steven Pinker,1,Psychologist
Steven Pinker and Rebecca Newberger Goldstein,2,Philosopher and writer
Steven Strogatz,1,Mathematician
Steven Wise,1,Animal rights lawyer
Stew,1,Singer/songwriter
Stewart Brand,1,"Environmentalist, futurist"
Stewart Brand,1,"Environmentalist, futurist"
Stewart Brand,1,"Environmentalist, futurist"
Stewart Brand + Mark Z. Jacobson,2,"Environmentalist, futurist"
Sting,1,"Composer, singer, author, actor, activist"
Stuart Firestein,1,Neuroscientist
Stuart Russell,1,AI expert
Sue Desmond-Hellmann,1,"CEO, Gates Foundation"
Sugata Mitra,1,Education researcher
Suki Kim,1,Writer
Sunni Brown,1,Visualizer and gamestorming
Susan Blackmore,1,Memeticist
Susan Cain,1,Quiet revolutionary
Susan Pinker,1,Developmental psychologist
Susan Savage-Rumbaugh,1,Primate authority
Suzanne Lee,1,Designer
Sxip Shirey + Rachelle Garniez,2,Musician
Sylvia Earle,1,Oceanographer
T. Boone Pickens,1,Entrepreneur and energy theorist
T. Morgan Dixon and Vanessa Garrison,2,Health activist
Tabetha Boyajian,1,Astronomer
Tal Danino,1,Synthetic biologist
Tali Sharot,1,Cognitive neuroscientist
Taylor Wilson,1,Nuclear scientist
Taylor Wilson,1,Nuclear scientist
Ted Halstead,1,"Policy entrepreneur, climate expert, author"
Teitur,1,Singer-songwriter
Temple Grandin,1,"Livestock handling designer, autism activist"
Terry Moore,1,Thinker
Terry Moore,1,Thinker
The LXD,1,Dance adventurers
Theaster Gates,1,"Artist, potter, community builder"
Thelma Golden,1,Curator
Theo Jansen,1,Artist
They Might Be Giants,1,Band
Thom Mayne,1,Architect
Thomas Barnett,1,Military strategist
Thomas Dolby,2,Electronic music pioneer
Thomas Heatherwick,1,Designer
Thomas P. Campbell,1,Museum director
Tierney Thys,1,Marine biologist
Tim Berners-Lee,1,Inventor
Tim Berners-Lee,1,Inventor
Tim Berners-Lee,1,Inventor
Tim Ferriss,1,"Investor, human guinea pig, author"
Tim Urban,1,Blogger
Titus Kaphar,1,Artist
Tod Machover + Dan Ellsey,2,"Composer, inventor"
Tom Gruber,1,AI product designer
Tom Honey,1,Priest
Tom Hulme,1,"Designer, venturer"
Tom Rielly,1,Satirist
Tom Shannon,1,Sculptor
Tom Wujec,1,Designer
Tom Wujec,1,Designer
TomaÅs Saraceno,1,Artist
Tony Fadell,1,Product creator
Tony Robbins,1,Life coach; expert in leadership psychology
Torsten Reil,1,Animating neurobiologist
Travis Kalanick,1,Entrepreneur
Trevor Aaronson,1,Journalist
Tristan Harris,1,Design thinker
Tshering Tobgay,1,Prime Minister of Bhutan
Ueli Gegenschatz,1,Aerialist
Uldus Bakhtiozina,1,photographer + visual artist
Uri Hasson,1,Neuroscientist
Ursus Wehrli,1,Comedian
Vijay Kumar,1,Roboticist
Vik Muniz,1,Artist
Virginia Postrel,1,Journalist
Vishal Vaid,1,Musician
VS Ramachandran,1,Brain expert
Wadah Khanfar,1,Journalist
Wade Davis,1,"Anthropologist, ethnobotanist"
Wade Davis,1,"Anthropologist, ethnobotanist"
Wael Ghonim,1,Internet activist and computer engineer
Wanda Diaz Merced,1,Sonic astrophysicist
Wanuri Kahiu,1,"Filmmaker, writer"
Wendy Chung,1,Geneticist
Will Marshall,1,Space scientist
Will Potter,1,Investigative journalist
Will Wright,1,Game designer
William Li,1,Cancer researcher
William McDonough,1,Architect
Willie Smits,1,Conservationist
Woody Norris,1,Inventor
Yann Arthus-Bertrand,1,Photographer
Yoruba Richen,1,Documentary filmmaker
Yossi Vardi,1,Investor
Yves Behar,1,Designer
Yves Behar,1,Designer
Zach Kaplan + Keith Schacht,2,Inventor
Zak Ebrahim,1,Peace activist
Ze Frank,1,"Humorist, web artist"
Ziauddin Yousafzai,1,Education activist
Ziyah GaficÅ,1,Photographer + storyteller